location,date,new_cases,population,population_density
Belgium,15-03-20,179,11589616,375.564
Belgium,16-03-20,214,11589616,375.564
Belgium,17-03-20,387,11589616,375.564
Belgium,18-03-20,422,11589616,375.564
Belgium,19-03-20,534,11589616,375.564
Belgium,20-03-20,713,11589616,375.564
Belgium,21-03-20,662,11589616,375.564
Belgium,22-03-20,469,11589616,375.564
Belgium,23-03-20,486,11589616,375.564
Belgium,24-03-20,1328,11589616,375.564
Belgium,25-03-20,1195,11589616,375.564
Belgium,26-03-20,1199,11589616,375.564
Belgium,27-03-20,1363,11589616,375.564
Belgium,28-03-20,1518,11589616,375.564
Belgium,29-03-20,844,11589616,375.564
Belgium,30-03-20,683,11589616,375.564
Belgium,31-03-20,1738,11589616,375.564
Belgium,01-04-20,1681,11589616,375.564
Belgium,02-04-20,1516,11589616,375.564
Belgium,03-04-20,1478,11589616,375.564
Belgium,04-04-20,1694,11589616,375.564
Belgium,05-04-20,922,11589616,375.564
Belgium,06-04-20,665,11589616,375.564
Belgium,07-04-20,1934,11589616,375.564
Belgium,08-04-20,1515,11589616,375.564
Belgium,09-04-20,1598,11589616,375.564
Belgium,10-04-20,2239,11589616,375.564
Belgium,11-04-20,2336,11589616,375.564
Belgium,12-04-20,1029,11589616,375.564
Belgium,13-04-20,524,11589616,375.564
Belgium,14-04-20,537,11589616,375.564
Belgium,15-04-20,1560,11589616,375.564
Belgium,16-04-20,1633,11589616,375.564
Belgium,17-04-20,1674,11589616,375.564
Belgium,18-04-20,1394,11589616,375.564
Belgium,19-04-20,722,11589616,375.564
Belgium,20-04-20,443,11589616,375.564
Belgium,21-04-20,1276,11589616,375.564
Belgium,22-04-20,1270,11589616,375.564
Belgium,23-04-20,777,11589616,375.564
Belgium,24-04-20,976,11589616,375.564
Belgium,25-04-20,811,11589616,375.564
Belgium,26-04-20,388,11589616,375.564
Belgium,27-04-20,205,11589616,375.564
Belgium,28-04-20,755,11589616,375.564
Belgium,29-04-20,569,11589616,375.564
Belgium,30-04-20,522,11589616,375.564
Belgium,01-05-20,586,11589616,375.564
Belgium,02-05-20,237,11589616,375.564
Belgium,03-05-20,286,11589616,375.564
Belgium,04-05-20,140,11589616,375.564
Belgium,05-05-20,670,11589616,375.564
Belgium,06-05-20,547,11589616,375.564
Belgium,07-05-20,552,11589616,375.564
Belgium,08-05-20,442,11589616,375.564
Belgium,09-05-20,483,11589616,375.564
Belgium,10-05-20,240,11589616,375.564
Belgium,11-05-20,118,11589616,375.564
Belgium,12-05-20,476,11589616,375.564
Belgium,13-05-20,395,11589616,375.564
Belgium,14-05-20,321,11589616,375.564
Belgium,15-05-20,305,11589616,375.564
Belgium,16-05-20,346,11589616,375.564
Belgium,17-05-20,147,11589616,375.564
Belgium,18-05-20,81,11589616,375.564
Belgium,19-05-20,317,11589616,375.564
Belgium,20-05-20,292,11589616,375.564
Belgium,21-05-20,385,11589616,375.564
Belgium,22-05-20,70,11589616,375.564
Belgium,23-05-20,248,11589616,375.564
Belgium,24-05-20,123,11589616,375.564
Belgium,25-05-20,75,11589616,375.564
Belgium,26-05-20,314,11589616,375.564
Belgium,27-05-20,202,11589616,375.564
Belgium,28-05-20,182,11589616,375.564
Belgium,29-05-20,171,11589616,375.564
Belgium,30-05-20,165,11589616,375.564
Belgium,31-05-20,61,11589616,375.564
Belgium,01-06-20,49,11589616,375.564
Belgium,02-06-20,59,11589616,375.564
Belgium,03-06-20,181,11589616,375.564
Belgium,04-06-20,159,11589616,375.564
Belgium,05-06-20,172,11589616,375.564
Belgium,06-06-20,154,11589616,375.564
Belgium,07-06-20,69,11589616,375.564
Belgium,08-06-20,53,11589616,375.564
Belgium,09-06-20,152,11589616,375.564
Belgium,10-06-20,145,11589616,375.564
Belgium,11-06-20,119,11589616,375.564
Belgium,12-06-20,95,11589616,375.564
Belgium,13-06-20,89,11589616,375.564
Belgium,14-06-20,49,11589616,375.564
Belgium,15-06-20,22,11589616,375.564
Belgium,16-06-20,147,11589616,375.564
Belgium,17-06-20,99,11589616,375.564
Belgium,18-06-20,123,11589616,375.564
Belgium,19-06-20,108,11589616,375.564
Belgium,20-06-20,121,11589616,375.564
Belgium,21-06-20,50,11589616,375.564
Belgium,22-06-20,20,11589616,375.564
Belgium,23-06-20,143,11589616,375.564
Belgium,24-06-20,110,11589616,375.564
Belgium,25-06-20,100,11589616,375.564
Belgium,26-06-20,76,11589616,375.564
Belgium,27-06-20,113,11589616,375.564
Belgium,28-06-20,41,11589616,375.564
Belgium,29-06-20,24,11589616,375.564
Belgium,30-06-20,127,11589616,375.564
Belgium,01-07-20,100,11589616,375.564
Belgium,02-07-20,135,11589616,375.564
Belgium,03-07-20,93,11589616,375.564
Belgium,04-07-20,94,11589616,375.564
Belgium,05-07-20,64,11589616,375.564
Belgium,06-07-20,24,11589616,375.564
Belgium,07-07-20,112,11589616,375.564
Belgium,08-07-20,99,11589616,375.564
Belgium,09-07-20,137,11589616,375.564
Belgium,10-07-20,124,11589616,375.564
Belgium,11-07-20,127,11589616,375.564
Belgium,12-07-20,62,11589616,375.564
Belgium,13-07-20,43,11589616,375.564
Belgium,14-07-20,224,11589616,375.564
Belgium,15-07-20,207,11589616,375.564
Belgium,16-07-20,260,11589616,375.564
Belgium,17-07-20,226,11589616,375.564
Belgium,18-07-20,274,11589616,375.564
Belgium,19-07-20,130,11589616,375.564
Belgium,20-07-20,64,11589616,375.564
Belgium,21-07-20,443,11589616,375.564
Belgium,22-07-20,145,11589616,375.564
Belgium,23-07-20,553,11589616,375.564
Belgium,24-07-20,439,11589616,375.564
Belgium,25-07-20,496,11589616,375.564
Belgium,26-07-20,229,11589616,375.564
Belgium,27-07-20,184,11589616,375.564
Belgium,28-07-20,595,11589616,375.564
Belgium,29-07-20,685,11589616,375.564
Belgium,30-07-20,703,11589616,375.564
Belgium,31-07-20,635,11589616,375.564
Belgium,01-08-20,684,11589616,375.564
Belgium,02-08-20,309,11589616,375.564
Belgium,03-08-20,148,11589616,375.564
Belgium,04-08-20,794,11589616,375.564
Belgium,05-08-20,814,11589616,375.564
Belgium,06-08-20,767,11589616,375.564
Belgium,07-08-20,769,11589616,375.564
Belgium,08-08-20,771,11589616,375.564
Belgium,09-08-20,304,11589616,375.564
Belgium,10-08-20,122,11589616,375.564
Belgium,11-08-20,873,11589616,375.564
Belgium,12-08-20,718,11589616,375.564
Belgium,13-08-20,609,11589616,375.564
Belgium,14-08-20,669,11589616,375.564
Belgium,15-08-20,587,11589616,375.564
Belgium,16-08-20,163,11589616,375.564
Belgium,17-08-20,132,11589616,375.564
Belgium,18-08-20,707,11589616,375.564
Belgium,19-08-20,725,11589616,375.564
Belgium,20-08-20,612,11589616,375.564
Belgium,21-08-20,581,11589616,375.564
Belgium,22-08-20,510,11589616,375.564
Belgium,23-08-20,203,11589616,375.564
Belgium,24-08-20,115,11589616,375.564
Belgium,25-08-20,607,11589616,375.564
Belgium,26-08-20,527,11589616,375.564
Belgium,27-08-20,526,11589616,375.564
Belgium,28-08-20,535,11589616,375.564
Belgium,29-08-20,614,11589616,375.564
Belgium,30-08-20,195,11589616,375.564
Belgium,31-08-20,117,11589616,375.564
Belgium,01-09-20,634,11589616,375.564
Belgium,02-09-20,565,11589616,375.564
Belgium,03-09-20,574,11589616,375.564
Belgium,04-09-20,677,11589616,375.564
Belgium,05-09-20,728,11589616,375.564
Belgium,06-09-20,322,11589616,375.564
Belgium,07-09-20,155,11589616,375.564
Belgium,08-09-20,918,11589616,375.564
Belgium,09-09-20,871,11589616,375.564
Belgium,10-09-20,1024,11589616,375.564
Belgium,11-09-20,1143,11589616,375.564
Belgium,12-09-20,1284,11589616,375.564
Belgium,13-09-20,617,11589616,375.564
Belgium,14-09-20,301,11589616,375.564
Belgium,15-09-20,1726,11589616,375.564
Belgium,16-09-20,1628,11589616,375.564
Belgium,17-09-20,1942,11589616,375.564
Belgium,18-09-20,1751,11589616,375.564
Belgium,19-09-20,1709,11589616,375.564
Belgium,20-09-20,894,11589616,375.564
Belgium,21-09-20,461,11589616,375.564
Belgium,22-09-20,2202,11589616,375.564
Belgium,23-09-20,2074,11589616,375.564
Belgium,24-09-20,2096,11589616,375.564
Belgium,25-09-20,1796,11589616,375.564
Belgium,26-09-20,1622,11589616,375.564
Belgium,27-09-20,944,11589616,375.564
Belgium,28-09-20,540,11589616,375.564
Belgium,29-09-20,2782,11589616,375.564
Belgium,30-09-20,2984,11589616,375.564
Belgium,01-10-20,3243,11589616,375.564
Belgium,02-10-20,3409,11589616,375.564
Belgium,03-10-20,3720,11589616,375.564
Belgium,04-10-20,1709,11589616,375.564
Belgium,05-10-20,1035,11589616,375.564
Belgium,06-10-20,5248,11589616,375.564
Belgium,07-10-20,5687,11589616,375.564
Belgium,08-10-20,6803,11589616,375.564
Belgium,09-10-20,6586,11589616,375.564
Belgium,10-10-20,7786,11589616,375.564
Belgium,11-10-20,4309,11589616,375.564
Belgium,12-10-20,2403,11589616,375.564
Belgium,13-10-20,9733,11589616,375.564
Belgium,14-10-20,12574,11589616,375.564
Belgium,15-10-20,12288,11589616,375.564
Belgium,16-10-20,11810,11589616,375.564
Belgium,17-10-20,13473,11589616,375.564
Belgium,18-10-20,7993,11589616,375.564
Belgium,19-10-20,4289,11589616,375.564
Belgium,20-10-20,15558,11589616,375.564
Belgium,21-10-20,19254,11589616,375.564
Belgium,22-10-20,17474,11589616,375.564
Belgium,23-10-20,17682,11589616,375.564
Belgium,24-10-20,18872,11589616,375.564
Belgium,25-10-20,11554,11589616,375.564
Belgium,26-10-20,4893,11589616,375.564
Belgium,27-10-20,19837,11589616,375.564
Belgium,28-10-20,22177,11589616,375.564
Belgium,29-10-20,17983,11589616,375.564
Belgium,30-10-20,15070,11589616,375.564
Belgium,31-10-20,15366,11589616,375.564
Belgium,01-11-20,6290,11589616,375.564
Belgium,02-11-20,2662,11589616,375.564
Belgium,03-11-20,13731,11589616,375.564
Belgium,04-11-20,11893,11589616,375.564
Belgium,05-11-20,9057,11589616,375.564
Belgium,06-11-20,7411,11589616,375.564
Belgium,07-11-20,6047,11589616,375.564
France,15-03-20,838,65273512,122.578
France,16-03-20,924,65273512,122.578
France,17-03-20,1210,65273512,122.578
France,18-03-20,1097,65273512,122.578
France,19-03-20,1404,65273512,122.578
France,20-03-20,1861,65273512,122.578
France,21-03-20,1617,65273512,122.578
France,22-03-20,1847,65273512,122.578
France,23-03-20,1559,65273512,122.578
France,24-03-20,3838,65273512,122.578
France,25-03-20,2446,65273512,122.578
France,26-03-20,2931,65273512,122.578
France,27-03-20,3922,65273512,122.578
France,28-03-20,3809,65273512,122.578
France,29-03-20,4611,65273512,122.578
France,30-03-20,2599,65273512,122.578
France,31-03-20,4376,65273512,122.578
France,01-04-20,7578,65273512,122.578
France,02-04-20,4861,65273512,122.578
France,03-04-20,2116,65273512,122.578
France,04-04-20,5233,65273512,122.578
France,05-04-20,4267,65273512,122.578
France,06-04-20,1873,65273512,122.578
France,07-04-20,3912,65273512,122.578
France,08-04-20,3777,65273512,122.578
France,09-04-20,3881,65273512,122.578
France,10-04-20,4286,65273512,122.578
France,11-04-20,4342,65273512,122.578
France,12-04-20,3114,65273512,122.578
France,13-04-20,1613,65273512,122.578
France,14-04-20,2673,65273512,122.578
France,15-04-20,5497,65273512,122.578
France,16-04-20,2633,65273512,122.578
France,17-04-20,2641,65273512,122.578
France,18-04-20,405,65273512,122.578
France,19-04-20,2569,65273512,122.578
France,20-04-20,785,65273512,122.578
France,21-04-20,2051,65273512,122.578
France,22-04-20,2667,65273512,122.578
France,23-04-20,1827,65273512,122.578
France,24-04-20,1653,65273512,122.578
France,25-04-20,1773,65273512,122.578
France,26-04-20,1537,65273512,122.578
France,27-04-20,461,65273512,122.578
France,28-04-20,1195,65273512,122.578
France,29-04-20,1065,65273512,122.578
France,30-04-20,1607,65273512,122.578
France,01-05-20,1139,65273512,122.578
France,02-05-20,604,65273512,122.578
France,03-05-20,794,65273512,122.578
France,04-05-20,308,65273512,122.578
France,05-05-20,576,65273512,122.578
France,06-05-20,1104,65273512,122.578
France,07-05-20,4183,65273512,122.578
France,08-05-20,629,65273512,122.578
France,09-05-20,642,65273512,122.578
France,10-05-20,433,65273512,122.578
France,11-05-20,209,65273512,122.578
France,12-05-20,456,65273512,122.578
France,13-05-20,708,65273512,122.578
France,14-05-20,507,65273512,122.578
France,15-05-20,622,65273512,122.578
France,16-05-20,563,65273512,122.578
France,17-05-20,372,65273512,122.578
France,18-05-20,120,65273512,122.578
France,19-05-20,492,65273512,122.578
France,20-05-20,524,65273512,122.578
France,21-05-20,418,65273512,122.578
France,22-05-20,318,65273512,122.578
France,23-05-20,403,65273512,122.578
France,24-05-20,240,65273512,122.578
France,25-05-20,115,65273512,122.578
France,26-05-20,358,65273512,122.578
France,27-05-20,276,65273512,122.578
France,28-05-20,191,65273512,122.578
France,29-05-20,3325,65273512,122.578
France,30-05-20,597,65273512,122.578
France,31-05-20,1828,65273512,122.578
France,01-06-20,257,65273512,122.578
France,02-06-20,338,65273512,122.578
France,03-06-20,-766,65273512,122.578
France,04-06-20,352,65273512,122.578
France,05-06-20,767,65273512,122.578
France,06-06-20,611,65273512,122.578
France,07-06-20,579,65273512,122.578
France,08-06-20,343,65273512,122.578
France,09-06-20,211,65273512,122.578
France,10-06-20,403,65273512,122.578
France,11-06-20,545,65273512,122.578
France,12-06-20,425,65273512,122.578
France,13-06-20,726,65273512,122.578
France,14-06-20,526,65273512,122.578
France,15-06-20,407,65273512,122.578
France,16-06-20,152,65273512,122.578
France,17-06-20,344,65273512,122.578
France,18-06-20,458,65273512,122.578
France,19-06-20,467,65273512,122.578
France,20-06-20,811,65273512,122.578
France,21-06-20,641,65273512,122.578
France,22-06-20,284,65273512,122.578
France,23-06-20,373,65273512,122.578
France,24-06-20,517,65273512,122.578
France,25-06-20,81,65273512,122.578
France,26-06-20,0,65273512,122.578
France,27-06-20,1588,65273512,122.578
France,28-06-20,0,65273512,122.578
France,29-06-20,0,65273512,122.578
France,30-06-20,1324,65273512,122.578
France,01-07-20,541,65273512,122.578
France,02-07-20,918,65273512,122.578
France,03-07-20,659,65273512,122.578
France,04-07-20,582,65273512,122.578
France,05-07-20,0,65273512,122.578
France,06-07-20,0,65273512,122.578
France,07-07-20,1375,65273512,122.578
France,08-07-20,475,65273512,122.578
France,09-07-20,663,65273512,122.578
France,10-07-20,621,65273512,122.578
France,11-07-20,658,65273512,122.578
France,12-07-20,0,65273512,122.578
France,13-07-20,0,65273512,122.578
France,14-07-20,1625,65273512,122.578
France,15-07-20,0,65273512,122.578
France,16-07-20,927,65273512,122.578
France,17-07-20,534,65273512,122.578
France,18-07-20,836,65273512,122.578
France,19-07-20,0,65273512,122.578
France,20-07-20,0,65273512,122.578
France,21-07-20,2080,65273512,122.578
France,22-07-20,584,65273512,122.578
France,23-07-20,998,65273512,122.578
France,24-07-20,1062,65273512,122.578
France,25-07-20,1130,65273512,122.578
France,26-07-20,0,65273512,122.578
France,27-07-20,0,65273512,122.578
France,28-07-20,2551,65273512,122.578
France,29-07-20,725,65273512,122.578
France,30-07-20,1392,65273512,122.578
France,31-07-20,1377,65273512,122.578
France,01-08-20,1346,65273512,122.578
France,02-08-20,0,65273512,122.578
France,03-08-20,0,65273512,122.578
France,04-08-20,3376,65273512,122.578
France,05-08-20,1039,65273512,122.578
France,06-08-20,1695,65273512,122.578
France,07-08-20,1604,65273512,122.578
France,08-08-20,2288,65273512,122.578
France,09-08-20,0,65273512,122.578
France,10-08-20,0,65273512,122.578
France,11-08-20,4854,65273512,122.578
France,12-08-20,1397,65273512,122.578
France,13-08-20,2524,65273512,122.578
France,14-08-20,2669,65273512,122.578
France,15-08-20,2846,65273512,122.578
France,16-08-20,3310,65273512,122.578
France,17-08-20,3015,65273512,122.578
France,18-08-20,493,65273512,122.578
France,19-08-20,2238,65273512,122.578
France,20-08-20,3776,65273512,122.578
France,21-08-20,4771,65273512,122.578
France,22-08-20,4586,65273512,122.578
France,23-08-20,3602,65273512,122.578
France,24-08-20,4897,65273512,122.578
France,25-08-20,1955,65273512,122.578
France,26-08-20,3304,65273512,122.578
France,27-08-20,5429,65273512,122.578
France,28-08-20,6111,65273512,122.578
France,29-08-20,7379,65273512,122.578
France,30-08-20,5453,65273512,122.578
France,31-08-20,5413,65273512,122.578
France,01-09-20,3082,65273512,122.578
France,02-09-20,4982,65273512,122.578
France,03-09-20,7017,65273512,122.578
France,04-09-20,7157,65273512,122.578
France,05-09-20,8975,65273512,122.578
France,06-09-20,8550,65273512,122.578
France,07-09-20,7071,65273512,122.578
France,08-09-20,4203,65273512,122.578
France,09-09-20,6544,65273512,122.578
France,10-09-20,8577,65273512,122.578
France,11-09-20,9843,65273512,122.578
France,12-09-20,9406,65273512,122.578
France,13-09-20,10561,65273512,122.578
France,14-09-20,7183,65273512,122.578
France,15-09-20,6158,65273512,122.578
France,16-09-20,7852,65273512,122.578
France,17-09-20,9784,65273512,122.578
France,18-09-20,10593,65273512,122.578
France,19-09-20,13215,65273512,122.578
France,20-09-20,13498,65273512,122.578
France,21-09-20,11569,65273512,122.578
France,22-09-20,4298,65273512,122.578
France,23-09-20,10008,65273512,122.578
France,24-09-20,13072,65273512,122.578
France,25-09-20,16096,65273512,122.578
France,26-09-20,15797,65273512,122.578
France,27-09-20,14412,65273512,122.578
France,28-09-20,11123,65273512,122.578
France,29-09-20,4070,65273512,122.578
France,30-09-20,8051,65273512,122.578
France,01-10-20,12845,65273512,122.578
France,02-10-20,13970,65273512,122.578
France,03-10-20,12148,65273512,122.578
France,04-10-20,16972,65273512,122.578
France,05-10-20,12545,65273512,122.578
France,06-10-20,5104,65273512,122.578
France,07-10-20,10489,65273512,122.578
France,08-10-20,18746,65273512,122.578
France,09-10-20,18129,65273512,122.578
France,10-10-20,20339,65273512,122.578
France,11-10-20,26896,65273512,122.578
France,12-10-20,16101,65273512,122.578
France,13-10-20,8505,65273512,122.578
France,14-10-20,12993,65273512,122.578
France,15-10-20,22591,65273512,122.578
France,16-10-20,30621,65273512,122.578
France,17-10-20,25086,65273512,122.578
France,18-10-20,32427,65273512,122.578
France,19-10-20,29837,65273512,122.578
France,20-10-20,13243,65273512,122.578
France,21-10-20,20468,65273512,122.578
France,22-10-20,26676,65273512,122.578
France,23-10-20,41622,65273512,122.578
France,24-10-20,42032,65273512,122.578
France,25-10-20,45422,65273512,122.578
France,26-10-20,52010,65273512,122.578
France,27-10-20,26771,65273512,122.578
France,28-10-20,33417,65273512,122.578
France,29-10-20,36437,65273512,122.578
France,30-10-20,47637,65273512,122.578
France,31-10-20,49215,65273512,122.578
France,01-11-20,32641,65273512,122.578
France,02-11-20,49290,65273512,122.578
France,03-11-20,52518,65273512,122.578
France,04-11-20,36330,65273512,122.578
France,05-11-20,40558,65273512,122.578
France,06-11-20,58046,65273512,122.578
France,07-11-20,60486,65273512,122.578
France,08-11-20,86852,65273512,122.578
France,09-11-20,38619,65273512,122.578
Germany,15-03-20,733,83783945,237.016
Germany,16-03-20,1043,83783945,237.016
Germany,17-03-20,1174,83783945,237.016
Germany,18-03-20,1144,83783945,237.016
Germany,19-03-20,1042,83783945,237.016
Germany,20-03-20,5940,83783945,237.016
Germany,21-03-20,4049,83783945,237.016
Germany,22-03-20,3276,83783945,237.016
Germany,23-03-20,3311,83783945,237.016
Germany,24-03-20,4438,83783945,237.016
Germany,25-03-20,2342,83783945,237.016
Germany,26-03-20,4954,83783945,237.016
Germany,27-03-20,5780,83783945,237.016
Germany,28-03-20,6294,83783945,237.016
Germany,29-03-20,3965,83783945,237.016
Germany,30-03-20,4751,83783945,237.016
Germany,31-03-20,4615,83783945,237.016
Germany,01-04-20,5453,83783945,237.016
Germany,02-04-20,6156,83783945,237.016
Germany,03-04-20,6174,83783945,237.016
Germany,04-04-20,6082,83783945,237.016
Germany,05-04-20,5936,83783945,237.016
Germany,06-04-20,3677,83783945,237.016
Germany,07-04-20,3834,83783945,237.016
Germany,08-04-20,4003,83783945,237.016
Germany,09-04-20,4974,83783945,237.016
Germany,10-04-20,5323,83783945,237.016
Germany,11-04-20,4133,83783945,237.016
Germany,12-04-20,2821,83783945,237.016
Germany,13-04-20,2537,83783945,237.016
Germany,14-04-20,2082,83783945,237.016
Germany,15-04-20,2486,83783945,237.016
Germany,16-04-20,2866,83783945,237.016
Germany,17-04-20,3380,83783945,237.016
Germany,18-04-20,3609,83783945,237.016
Germany,19-04-20,2458,83783945,237.016
Germany,20-04-20,1775,83783945,237.016
Germany,21-04-20,1785,83783945,237.016
Germany,22-04-20,2237,83783945,237.016
Germany,23-04-20,2352,83783945,237.016
Germany,24-04-20,2337,83783945,237.016
Germany,25-04-20,2055,83783945,237.016
Germany,26-04-20,1737,83783945,237.016
Germany,27-04-20,1018,83783945,237.016
Germany,28-04-20,1144,83783945,237.016
Germany,29-04-20,1304,83783945,237.016
Germany,30-04-20,1478,83783945,237.016
Germany,01-05-20,1639,83783945,237.016
Germany,02-05-20,945,83783945,237.016
Germany,03-05-20,793,83783945,237.016
Germany,04-05-20,679,83783945,237.016
Germany,05-05-20,685,83783945,237.016
Germany,06-05-20,947,83783945,237.016
Germany,07-05-20,1284,83783945,237.016
Germany,08-05-20,1209,83783945,237.016
Germany,09-05-20,1251,83783945,237.016
Germany,10-05-20,667,83783945,237.016
Germany,11-05-20,357,83783945,237.016
Germany,12-05-20,933,83783945,237.016
Germany,13-05-20,798,83783945,237.016
Germany,14-05-20,933,83783945,237.016
Germany,15-05-20,913,83783945,237.016
Germany,16-05-20,620,83783945,237.016
Germany,17-05-20,583,83783945,237.016
Germany,18-05-20,342,83783945,237.016
Germany,19-05-20,513,83783945,237.016
Germany,20-05-20,797,83783945,237.016
Germany,21-05-20,745,83783945,237.016
Germany,22-05-20,460,83783945,237.016
Germany,23-05-20,638,83783945,237.016
Germany,24-05-20,431,83783945,237.016
Germany,25-05-20,289,83783945,237.016
Germany,26-05-20,432,83783945,237.016
Germany,27-05-20,362,83783945,237.016
Germany,28-05-20,353,83783945,237.016
Germany,29-05-20,741,83783945,237.016
Germany,30-05-20,738,83783945,237.016
Germany,31-05-20,286,83783945,237.016
Germany,01-06-20,333,83783945,237.016
Germany,02-06-20,213,83783945,237.016
Germany,03-06-20,342,83783945,237.016
Germany,04-06-20,394,83783945,237.016
Germany,05-06-20,507,83783945,237.016
Germany,06-06-20,407,83783945,237.016
Germany,07-06-20,301,83783945,237.016
Germany,08-06-20,214,83783945,237.016
Germany,09-06-20,350,83783945,237.016
Germany,10-06-20,318,83783945,237.016
Germany,11-06-20,555,83783945,237.016
Germany,12-06-20,258,83783945,237.016
Germany,13-06-20,348,83783945,237.016
Germany,14-06-20,247,83783945,237.016
Germany,15-06-20,192,83783945,237.016
Germany,16-06-20,378,83783945,237.016
Germany,17-06-20,345,83783945,237.016
Germany,18-06-20,580,83783945,237.016
Germany,19-06-20,770,83783945,237.016
Germany,20-06-20,601,83783945,237.016
Germany,21-06-20,687,83783945,237.016
Germany,22-06-20,537,83783945,237.016
Germany,23-06-20,503,83783945,237.016
Germany,24-06-20,587,83783945,237.016
Germany,25-06-20,630,83783945,237.016
Germany,26-06-20,477,83783945,237.016
Germany,27-06-20,687,83783945,237.016
Germany,28-06-20,256,83783945,237.016
Germany,29-06-20,262,83783945,237.016
Germany,30-06-20,498,83783945,237.016
Germany,01-07-20,466,83783945,237.016
Germany,02-07-20,503,83783945,237.016
Germany,03-07-20,446,83783945,237.016
Germany,04-07-20,422,83783945,237.016
Germany,05-07-20,239,83783945,237.016
Germany,06-07-20,219,83783945,237.016
Germany,07-07-20,390,83783945,237.016
Germany,08-07-20,397,83783945,237.016
Germany,09-07-20,442,83783945,237.016
Germany,10-07-20,395,83783945,237.016
Germany,11-07-20,378,83783945,237.016
Germany,12-07-20,248,83783945,237.016
Germany,13-07-20,159,83783945,237.016
Germany,14-07-20,412,83783945,237.016
Germany,15-07-20,351,83783945,237.016
Germany,16-07-20,534,83783945,237.016
Germany,17-07-20,583,83783945,237.016
Germany,18-07-20,529,83783945,237.016
Germany,19-07-20,202,83783945,237.016
Germany,20-07-20,249,83783945,237.016
Germany,21-07-20,522,83783945,237.016
Germany,22-07-20,454,83783945,237.016
Germany,23-07-20,569,83783945,237.016
Germany,24-07-20,815,83783945,237.016
Germany,25-07-20,781,83783945,237.016
Germany,26-07-20,305,83783945,237.016
Germany,27-07-20,340,83783945,237.016
Germany,28-07-20,633,83783945,237.016
Germany,29-07-20,684,83783945,237.016
Germany,30-07-20,902,83783945,237.016
Germany,31-07-20,870,83783945,237.016
Germany,01-08-20,955,83783945,237.016
Germany,02-08-20,240,83783945,237.016
Germany,03-08-20,509,83783945,237.016
Germany,04-08-20,879,83783945,237.016
Germany,05-08-20,741,83783945,237.016
Germany,06-08-20,1045,83783945,237.016
Germany,07-08-20,1147,83783945,237.016
Germany,08-08-20,1122,83783945,237.016
Germany,09-08-20,555,83783945,237.016
Germany,10-08-20,436,83783945,237.016
Germany,11-08-20,966,83783945,237.016
Germany,12-08-20,1226,83783945,237.016
Germany,13-08-20,1445,83783945,237.016
Germany,14-08-20,1449,83783945,237.016
Germany,15-08-20,1415,83783945,237.016
Germany,16-08-20,625,83783945,237.016
Germany,17-08-20,561,83783945,237.016
Germany,18-08-20,1390,83783945,237.016
Germany,19-08-20,1510,83783945,237.016
Germany,20-08-20,1707,83783945,237.016
Germany,21-08-20,1427,83783945,237.016
Germany,22-08-20,2034,83783945,237.016
Germany,23-08-20,782,83783945,237.016
Germany,24-08-20,711,83783945,237.016
Germany,25-08-20,1278,83783945,237.016
Germany,26-08-20,1576,83783945,237.016
Germany,27-08-20,1507,83783945,237.016
Germany,28-08-20,1571,83783945,237.016
Germany,29-08-20,1479,83783945,237.016
Germany,30-08-20,785,83783945,237.016
Germany,31-08-20,610,83783945,237.016
Germany,01-09-20,1218,83783945,237.016
Germany,02-09-20,1256,83783945,237.016
Germany,03-09-20,1311,83783945,237.016
Germany,04-09-20,1453,83783945,237.016
Germany,05-09-20,1378,83783945,237.016
Germany,06-09-20,988,83783945,237.016
Germany,07-09-20,814,83783945,237.016
Germany,08-09-20,1499,83783945,237.016
Germany,09-09-20,1176,83783945,237.016
Germany,10-09-20,1892,83783945,237.016
Germany,11-09-20,1484,83783945,237.016
Germany,12-09-20,1630,83783945,237.016
Germany,13-09-20,948,83783945,237.016
Germany,14-09-20,927,83783945,237.016
Germany,15-09-20,1407,83783945,237.016
Germany,16-09-20,1901,83783945,237.016
Germany,17-09-20,2194,83783945,237.016
Germany,18-09-20,1916,83783945,237.016
Germany,19-09-20,2297,83783945,237.016
Germany,20-09-20,1345,83783945,237.016
Germany,21-09-20,922,83783945,237.016
Germany,22-09-20,1821,83783945,237.016
Germany,23-09-20,1769,83783945,237.016
Germany,24-09-20,2143,83783945,237.016
Germany,25-09-20,2153,83783945,237.016
Germany,26-09-20,2507,83783945,237.016
Germany,27-09-20,1410,83783945,237.016
Germany,28-09-20,1192,83783945,237.016
Germany,29-09-20,2089,83783945,237.016
Germany,30-09-20,1798,83783945,237.016
Germany,01-10-20,2503,83783945,237.016
Germany,02-10-20,2673,83783945,237.016
Germany,03-10-20,2563,83783945,237.016
Germany,04-10-20,2279,83783945,237.016
Germany,05-10-20,1382,83783945,237.016
Germany,06-10-20,2639,83783945,237.016
Germany,07-10-20,2828,83783945,237.016
Germany,08-10-20,4058,83783945,237.016
Germany,09-10-20,4516,83783945,237.016
Germany,10-10-20,4721,83783945,237.016
Germany,11-10-20,3483,83783945,237.016
Germany,12-10-20,2467,83783945,237.016
Germany,13-10-20,4122,83783945,237.016
Germany,14-10-20,5132,83783945,237.016
Germany,15-10-20,6638,83783945,237.016
Germany,16-10-20,7334,83783945,237.016
Germany,17-10-20,7830,83783945,237.016
Germany,18-10-20,5587,83783945,237.016
Germany,19-10-20,4325,83783945,237.016
Germany,20-10-20,6868,83783945,237.016
Germany,21-10-20,7595,83783945,237.016
Germany,22-10-20,11287,83783945,237.016
Germany,23-10-20,11242,83783945,237.016
Germany,24-10-20,14714,83783945,237.016
Germany,25-10-20,11176,83783945,237.016
Germany,26-10-20,8685,83783945,237.016
Germany,27-10-20,11409,83783945,237.016
Germany,28-10-20,14964,83783945,237.016
Germany,29-10-20,16774,83783945,237.016
Germany,30-10-20,18681,83783945,237.016
Germany,31-10-20,19059,83783945,237.016
Germany,01-11-20,14177,83783945,237.016
Germany,02-11-20,12097,83783945,237.016
Germany,03-11-20,15352,83783945,237.016
Germany,04-11-20,17214,83783945,237.016
Germany,05-11-20,19990,83783945,237.016
Germany,06-11-20,21506,83783945,237.016
Germany,07-11-20,23399,83783945,237.016
Germany,08-11-20,16017,83783945,237.016
Germany,09-11-20,13363,83783945,237.016
Italy,15-03-20,3497,60461828,205.859
Italy,16-03-20,2823,60461828,205.859
Italy,17-03-20,4000,60461828,205.859
Italy,18-03-20,3526,60461828,205.859
Italy,19-03-20,4207,60461828,205.859
Italy,20-03-20,5322,60461828,205.859
Italy,21-03-20,5986,60461828,205.859
Italy,22-03-20,6557,60461828,205.859
Italy,23-03-20,5560,60461828,205.859
Italy,24-03-20,4789,60461828,205.859
Italy,25-03-20,5249,60461828,205.859
Italy,26-03-20,5210,60461828,205.859
Italy,27-03-20,6153,60461828,205.859
Italy,28-03-20,5959,60461828,205.859
Italy,29-03-20,5974,60461828,205.859
Italy,30-03-20,5217,60461828,205.859
Italy,31-03-20,4050,60461828,205.859
Italy,01-04-20,4053,60461828,205.859
Italy,02-04-20,4782,60461828,205.859
Italy,03-04-20,4668,60461828,205.859
Italy,04-04-20,4585,60461828,205.859
Italy,05-04-20,4805,60461828,205.859
Italy,06-04-20,4316,60461828,205.859
Italy,07-04-20,3599,60461828,205.859
Italy,08-04-20,3039,60461828,205.859
Italy,09-04-20,3836,60461828,205.859
Italy,10-04-20,4204,60461828,205.859
Italy,11-04-20,3951,60461828,205.859
Italy,12-04-20,4694,60461828,205.859
Italy,13-04-20,4092,60461828,205.859
Italy,14-04-20,3153,60461828,205.859
Italy,15-04-20,2972,60461828,205.859
Italy,16-04-20,2667,60461828,205.859
Italy,17-04-20,3786,60461828,205.859
Italy,18-04-20,3493,60461828,205.859
Italy,19-04-20,3491,60461828,205.859
Italy,20-04-20,3047,60461828,205.859
Italy,21-04-20,2256,60461828,205.859
Italy,22-04-20,2729,60461828,205.859
Italy,23-04-20,3370,60461828,205.859
Italy,24-04-20,2646,60461828,205.859
Italy,25-04-20,3021,60461828,205.859
Italy,26-04-20,2357,60461828,205.859
Italy,27-04-20,2324,60461828,205.859
Italy,28-04-20,1739,60461828,205.859
Italy,29-04-20,2091,60461828,205.859
Italy,30-04-20,2086,60461828,205.859
Italy,01-05-20,1872,60461828,205.859
Italy,02-05-20,1965,60461828,205.859
Italy,03-05-20,1900,60461828,205.859
Italy,04-05-20,1389,60461828,205.859
Italy,05-05-20,1221,60461828,205.859
Italy,06-05-20,1075,60461828,205.859
Italy,07-05-20,1444,60461828,205.859
Italy,08-05-20,1401,60461828,205.859
Italy,09-05-20,1327,60461828,205.859
Italy,10-05-20,1083,60461828,205.859
Italy,11-05-20,802,60461828,205.859
Italy,12-05-20,744,60461828,205.859
Italy,13-05-20,1402,60461828,205.859
Italy,14-05-20,888,60461828,205.859
Italy,15-05-20,992,60461828,205.859
Italy,16-05-20,789,60461828,205.859
Italy,17-05-20,875,60461828,205.859
Italy,18-05-20,675,60461828,205.859
Italy,19-05-20,451,60461828,205.859
Italy,20-05-20,813,60461828,205.859
Italy,21-05-20,665,60461828,205.859
Italy,22-05-20,642,60461828,205.859
Italy,23-05-20,652,60461828,205.859
Italy,24-05-20,669,60461828,205.859
Italy,25-05-20,531,60461828,205.859
Italy,26-05-20,300,60461828,205.859
Italy,27-05-20,397,60461828,205.859
Italy,28-05-20,584,60461828,205.859
Italy,29-05-20,593,60461828,205.859
Italy,30-05-20,516,60461828,205.859
Italy,31-05-20,416,60461828,205.859
Italy,01-06-20,355,60461828,205.859
Italy,02-06-20,178,60461828,205.859
Italy,03-06-20,318,60461828,205.859
Italy,04-06-20,321,60461828,205.859
Italy,05-06-20,177,60461828,205.859
Italy,06-06-20,518,60461828,205.859
Italy,07-06-20,270,60461828,205.859
Italy,08-06-20,197,60461828,205.859
Italy,09-06-20,280,60461828,205.859
Italy,10-06-20,283,60461828,205.859
Italy,11-06-20,202,60461828,205.859
Italy,12-06-20,379,60461828,205.859
Italy,13-06-20,163,60461828,205.859
Italy,14-06-20,346,60461828,205.859
Italy,15-06-20,338,60461828,205.859
Italy,16-06-20,301,60461828,205.859
Italy,17-06-20,210,60461828,205.859
Italy,18-06-20,328,60461828,205.859
Italy,19-06-20,331,60461828,205.859
Italy,20-06-20,-148,60461828,205.859
Italy,21-06-20,264,60461828,205.859
Italy,22-06-20,224,60461828,205.859
Italy,23-06-20,221,60461828,205.859
Italy,24-06-20,113,60461828,205.859
Italy,25-06-20,577,60461828,205.859
Italy,26-06-20,296,60461828,205.859
Italy,27-06-20,255,60461828,205.859
Italy,28-06-20,175,60461828,205.859
Italy,29-06-20,174,60461828,205.859
Italy,30-06-20,126,60461828,205.859
Italy,01-07-20,142,60461828,205.859
Italy,02-07-20,182,60461828,205.859
Italy,03-07-20,201,60461828,205.859
Italy,04-07-20,223,60461828,205.859
Italy,05-07-20,235,60461828,205.859
Italy,06-07-20,192,60461828,205.859
Italy,07-07-20,208,60461828,205.859
Italy,08-07-20,137,60461828,205.859
Italy,09-07-20,193,60461828,205.859
Italy,10-07-20,214,60461828,205.859
Italy,11-07-20,276,60461828,205.859
Italy,12-07-20,188,60461828,205.859
Italy,13-07-20,234,60461828,205.859
Italy,14-07-20,169,60461828,205.859
Italy,15-07-20,114,60461828,205.859
Italy,16-07-20,162,60461828,205.859
Italy,17-07-20,230,60461828,205.859
Italy,18-07-20,231,60461828,205.859
Italy,19-07-20,249,60461828,205.859
Italy,20-07-20,218,60461828,205.859
Italy,21-07-20,190,60461828,205.859
Italy,22-07-20,128,60461828,205.859
Italy,23-07-20,280,60461828,205.859
Italy,24-07-20,306,60461828,205.859
Italy,25-07-20,252,60461828,205.859
Italy,26-07-20,274,60461828,205.859
Italy,27-07-20,254,60461828,205.859
Italy,28-07-20,168,60461828,205.859
Italy,29-07-20,202,60461828,205.859
Italy,30-07-20,288,60461828,205.859
Italy,31-07-20,382,60461828,205.859
Italy,01-08-20,379,60461828,205.859
Italy,02-08-20,295,60461828,205.859
Italy,03-08-20,238,60461828,205.859
Italy,04-08-20,159,60461828,205.859
Italy,05-08-20,190,60461828,205.859
Italy,06-08-20,384,60461828,205.859
Italy,07-08-20,401,60461828,205.859
Italy,08-08-20,552,60461828,205.859
Italy,09-08-20,347,60461828,205.859
Italy,10-08-20,463,60461828,205.859
Italy,11-08-20,259,60461828,205.859
Italy,12-08-20,412,60461828,205.859
Italy,13-08-20,476,60461828,205.859
Italy,14-08-20,522,60461828,205.859
Italy,15-08-20,574,60461828,205.859
Italy,16-08-20,629,60461828,205.859
Italy,17-08-20,477,60461828,205.859
Italy,18-08-20,320,60461828,205.859
Italy,19-08-20,401,60461828,205.859
Italy,20-08-20,642,60461828,205.859
Italy,21-08-20,840,60461828,205.859
Italy,22-08-20,947,60461828,205.859
Italy,23-08-20,1071,60461828,205.859
Italy,24-08-20,1209,60461828,205.859
Italy,25-08-20,953,60461828,205.859
Italy,26-08-20,876,60461828,205.859
Italy,27-08-20,1366,60461828,205.859
Italy,28-08-20,1409,60461828,205.859
Italy,29-08-20,1460,60461828,205.859
Italy,30-08-20,1444,60461828,205.859
Italy,31-08-20,1365,60461828,205.859
Italy,01-09-20,996,60461828,205.859
Italy,02-09-20,975,60461828,205.859
Italy,03-09-20,1326,60461828,205.859
Italy,04-09-20,1397,60461828,205.859
Italy,05-09-20,1732,60461828,205.859
Italy,06-09-20,1694,60461828,205.859
Italy,07-09-20,1296,60461828,205.859
Italy,08-09-20,1150,60461828,205.859
Italy,09-09-20,1369,60461828,205.859
Italy,10-09-20,1430,60461828,205.859
Italy,11-09-20,1597,60461828,205.859
Italy,12-09-20,1616,60461828,205.859
Italy,13-09-20,1501,60461828,205.859
Italy,14-09-20,1456,60461828,205.859
Italy,15-09-20,1008,60461828,205.859
Italy,16-09-20,1229,60461828,205.859
Italy,17-09-20,1452,60461828,205.859
Italy,18-09-20,1583,60461828,205.859
Italy,19-09-20,1907,60461828,205.859
Italy,20-09-20,1637,60461828,205.859
Italy,21-09-20,1587,60461828,205.859
Italy,22-09-20,1350,60461828,205.859
Italy,23-09-20,1391,60461828,205.859
Italy,24-09-20,1640,60461828,205.859
Italy,25-09-20,1786,60461828,205.859
Italy,26-09-20,1912,60461828,205.859
Italy,27-09-20,1869,60461828,205.859
Italy,28-09-20,1766,60461828,205.859
Italy,29-09-20,1494,60461828,205.859
Italy,30-09-20,1647,60461828,205.859
Italy,01-10-20,1850,60461828,205.859
Italy,02-10-20,2548,60461828,205.859
Italy,03-10-20,2499,60461828,205.859
Italy,04-10-20,2843,60461828,205.859
Italy,05-10-20,2578,60461828,205.859
Italy,06-10-20,2257,60461828,205.859
Italy,07-10-20,2677,60461828,205.859
Italy,08-10-20,3677,60461828,205.859
Italy,09-10-20,4458,60461828,205.859
Italy,10-10-20,5372,60461828,205.859
Italy,11-10-20,5724,60461828,205.859
Italy,12-10-20,5456,60461828,205.859
Italy,13-10-20,4619,60461828,205.859
Italy,14-10-20,5898,60461828,205.859
Italy,15-10-20,7332,60461828,205.859
Italy,16-10-20,8803,60461828,205.859
Italy,17-10-20,10009,60461828,205.859
Italy,18-10-20,10925,60461828,205.859
Italy,19-10-20,11705,60461828,205.859
Italy,20-10-20,9337,60461828,205.859
Italy,21-10-20,10871,60461828,205.859
Italy,22-10-20,15199,60461828,205.859
Italy,23-10-20,16078,60461828,205.859
Italy,24-10-20,19143,60461828,205.859
Italy,25-10-20,19640,60461828,205.859
Italy,26-10-20,21273,60461828,205.859
Italy,27-10-20,17007,60461828,205.859
Italy,28-10-20,21989,60461828,205.859
Italy,29-10-20,24988,60461828,205.859
Italy,30-10-20,26829,60461828,205.859
Italy,31-10-20,31079,60461828,205.859
Italy,01-11-20,31756,60461828,205.859
Italy,02-11-20,29905,60461828,205.859
Italy,03-11-20,22253,60461828,205.859
Italy,04-11-20,28241,60461828,205.859
Italy,05-11-20,30548,60461828,205.859
Italy,06-11-20,34502,60461828,205.859
Italy,07-11-20,37802,60461828,205.859
Italy,08-11-20,39809,60461828,205.859
Italy,09-11-20,32614,60461828,205.859
Portugal,15-03-20,57,10196707,112.371
Portugal,16-03-20,76,10196707,112.371
Portugal,17-03-20,86,10196707,112.371
Portugal,18-03-20,117,10196707,112.371
Portugal,19-03-20,194,10196707,112.371
Portugal,20-03-20,143,10196707,112.371
Portugal,21-03-20,235,10196707,112.371
Portugal,22-03-20,260,10196707,112.371
Portugal,23-03-20,320,10196707,112.371
Portugal,24-03-20,460,10196707,112.371
Portugal,25-03-20,302,10196707,112.371
Portugal,26-03-20,633,10196707,112.371
Portugal,27-03-20,549,10196707,112.371
Portugal,28-03-20,724,10196707,112.371
Portugal,29-03-20,902,10196707,112.371
Portugal,30-03-20,792,10196707,112.371
Portugal,31-03-20,446,10196707,112.371
Portugal,01-04-20,1035,10196707,112.371
Portugal,02-04-20,808,10196707,112.371
Portugal,03-04-20,783,10196707,112.371
Portugal,04-04-20,852,10196707,112.371
Portugal,05-04-20,638,10196707,112.371
Portugal,06-04-20,754,10196707,112.371
Portugal,07-04-20,452,10196707,112.371
Portugal,08-04-20,712,10196707,112.371
Portugal,09-04-20,699,10196707,112.371
Portugal,10-04-20,815,10196707,112.371
Portugal,11-04-20,1516,10196707,112.371
Portugal,12-04-20,515,10196707,112.371
Portugal,13-04-20,598,10196707,112.371
Portugal,14-04-20,349,10196707,112.371
Portugal,15-04-20,514,10196707,112.371
Portugal,16-04-20,643,10196707,112.371
Portugal,17-04-20,750,10196707,112.371
Portugal,18-04-20,181,10196707,112.371
Portugal,19-04-20,663,10196707,112.371
Portugal,20-04-20,521,10196707,112.371
Portugal,21-04-20,657,10196707,112.371
Portugal,22-04-20,516,10196707,112.371
Portugal,23-04-20,603,10196707,112.371
Portugal,24-04-20,371,10196707,112.371
Portugal,25-04-20,918,10196707,112.371
Portugal,26-04-20,412,10196707,112.371
Portugal,27-04-20,163,10196707,112.371
Portugal,28-04-20,298,10196707,112.371
Portugal,29-04-20,180,10196707,112.371
Portugal,30-04-20,368,10196707,112.371
Portugal,01-05-20,295,10196707,112.371
Portugal,02-05-20,364,10196707,112.371
Portugal,03-05-20,-161,10196707,112.371
Portugal,04-05-20,334,10196707,112.371
Portugal,05-05-20,0,10196707,112.371
Portugal,06-05-20,178,10196707,112.371
Portugal,07-05-20,480,10196707,112.371
Portugal,08-05-20,533,10196707,112.371
Portugal,09-05-20,553,10196707,112.371
Portugal,10-05-20,138,10196707,112.371
Portugal,11-05-20,175,10196707,112.371
Portugal,12-05-20,98,10196707,112.371
Portugal,13-05-20,234,10196707,112.371
Portugal,14-05-20,219,10196707,112.371
Portugal,15-05-20,187,10196707,112.371
Portugal,16-05-20,264,10196707,112.371
Portugal,17-05-20,227,10196707,112.371
Portugal,18-05-20,226,10196707,112.371
Portugal,19-05-20,173,10196707,112.371
Portugal,20-05-20,223,10196707,112.371
Portugal,21-05-20,228,10196707,112.371
Portugal,22-05-20,252,10196707,112.371
Portugal,23-05-20,288,10196707,112.371
Portugal,24-05-20,271,10196707,112.371
Portugal,25-05-20,152,10196707,112.371
Portugal,26-05-20,165,10196707,112.371
Portugal,27-05-20,219,10196707,112.371
Portugal,28-05-20,285,10196707,112.371
Portugal,29-05-20,304,10196707,112.371
Portugal,30-05-20,350,10196707,112.371
Portugal,31-05-20,257,10196707,112.371
Portugal,01-06-20,297,10196707,112.371
Portugal,02-06-20,200,10196707,112.371
Portugal,03-06-20,195,10196707,112.371
Portugal,04-06-20,366,10196707,112.371
Portugal,05-06-20,331,10196707,112.371
Portugal,06-06-20,377,10196707,112.371
Portugal,07-06-20,382,10196707,112.371
Portugal,08-06-20,142,10196707,112.371
Portugal,09-06-20,392,10196707,112.371
Portugal,10-06-20,421,10196707,112.371
Portugal,11-06-20,294,10196707,112.371
Portugal,12-06-20,310,10196707,112.371
Portugal,13-06-20,270,10196707,112.371
Portugal,14-06-20,283,10196707,112.371
Portugal,15-06-20,227,10196707,112.371
Portugal,16-06-20,346,10196707,112.371
Portugal,17-06-20,300,10196707,112.371
Portugal,18-06-20,336,10196707,112.371
Portugal,19-06-20,417,10196707,112.371
Portugal,20-06-20,375,10196707,112.371
Portugal,21-06-20,377,10196707,112.371
Portugal,22-06-20,292,10196707,112.371
Portugal,23-06-20,259,10196707,112.371
Portugal,24-06-20,345,10196707,112.371
Portugal,25-06-20,367,10196707,112.371
Portugal,26-06-20,311,10196707,112.371
Portugal,27-06-20,451,10196707,112.371
Portugal,28-06-20,323,10196707,112.371
Portugal,29-06-20,457,10196707,112.371
Portugal,30-06-20,266,10196707,112.371
Portugal,01-07-20,229,10196707,112.371
Portugal,02-07-20,313,10196707,112.371
Portugal,03-07-20,328,10196707,112.371
Portugal,04-07-20,374,10196707,112.371
Portugal,05-07-20,413,10196707,112.371
Portugal,06-07-20,328,10196707,112.371
Portugal,07-07-20,232,10196707,112.371
Portugal,08-07-20,287,10196707,112.371
Portugal,09-07-20,443,10196707,112.371
Portugal,10-07-20,418,10196707,112.371
Portugal,11-07-20,402,10196707,112.371
Portugal,12-07-20,542,10196707,112.371
Portugal,13-07-20,291,10196707,112.371
Portugal,14-07-20,306,10196707,112.371
Portugal,15-07-20,233,10196707,112.371
Portugal,16-07-20,375,10196707,112.371
Portugal,17-07-20,339,10196707,112.371
Portugal,18-07-20,312,10196707,112.371
Portugal,19-07-20,313,10196707,112.371
Portugal,20-07-20,246,10196707,112.371
Portugal,21-07-20,135,10196707,112.371
Portugal,22-07-20,127,10196707,112.371
Portugal,23-07-20,252,10196707,112.371
Portugal,24-07-20,229,10196707,112.371
Portugal,25-07-20,313,10196707,112.371
Portugal,26-07-20,263,10196707,112.371
Portugal,27-07-20,209,10196707,112.371
Portugal,28-07-20,135,10196707,112.371
Portugal,29-07-20,111,10196707,112.371
Portugal,30-07-20,203,10196707,112.371
Portugal,31-07-20,255,10196707,112.371
Portugal,01-08-20,204,10196707,112.371
Portugal,02-08-20,238,10196707,112.371
Portugal,03-08-20,153,10196707,112.371
Portugal,04-08-20,106,10196707,112.371
Portugal,05-08-20,112,10196707,112.371
Portugal,06-08-20,167,10196707,112.371
Portugal,07-08-20,213,10196707,112.371
Portugal,08-08-20,290,10196707,112.371
Portugal,09-08-20,186,10196707,112.371
Portugal,10-08-20,131,10196707,112.371
Portugal,11-08-20,157,10196707,112.371
Portugal,12-08-20,120,10196707,112.371
Portugal,13-08-20,278,10196707,112.371
Portugal,14-08-20,325,10196707,112.371
Portugal,15-08-20,235,10196707,112.371
Portugal,16-08-20,198,10196707,112.371
Portugal,17-08-20,121,10196707,112.371
Portugal,18-08-20,132,10196707,112.371
Portugal,19-08-20,214,10196707,112.371
Portugal,20-08-20,253,10196707,112.371
Portugal,21-08-20,291,10196707,112.371
Portugal,22-08-20,219,10196707,112.371
Portugal,23-08-20,241,10196707,112.371
Portugal,24-08-20,145,10196707,112.371
Portugal,25-08-20,123,10196707,112.371
Portugal,26-08-20,192,10196707,112.371
Portugal,27-08-20,362,10196707,112.371
Portugal,28-08-20,399,10196707,112.371
Portugal,29-08-20,401,10196707,112.371
Portugal,30-08-20,374,10196707,112.371
Portugal,31-08-20,320,10196707,112.371
Portugal,01-09-20,244,10196707,112.371
Portugal,02-09-20,231,10196707,112.371
Portugal,03-09-20,390,10196707,112.371
Portugal,04-09-20,418,10196707,112.371
Portugal,05-09-20,406,10196707,112.371
Portugal,06-09-20,486,10196707,112.371
Portugal,07-09-20,315,10196707,112.371
Portugal,08-09-20,249,10196707,112.371
Portugal,09-09-20,388,10196707,112.371
Portugal,10-09-20,646,10196707,112.371
Portugal,11-09-20,585,10196707,112.371
Portugal,12-09-20,687,10196707,112.371
Portugal,13-09-20,497,10196707,112.371
Portugal,14-09-20,673,10196707,112.371
Portugal,15-09-20,613,10196707,112.371
Portugal,16-09-20,425,10196707,112.371
Portugal,17-09-20,605,10196707,112.371
Portugal,18-09-20,770,10196707,112.371
Portugal,19-09-20,780,10196707,112.371
Portugal,20-09-20,849,10196707,112.371
Portugal,21-09-20,552,10196707,112.371
Portugal,22-09-20,623,10196707,112.371
Portugal,23-09-20,463,10196707,112.371
Portugal,24-09-20,802,10196707,112.371
Portugal,25-09-20,691,10196707,112.371
Portugal,26-09-20,899,10196707,112.371
Portugal,27-09-20,884,10196707,112.371
Portugal,28-09-20,665,10196707,112.371
Portugal,29-09-20,425,10196707,112.371
Portugal,30-09-20,688,10196707,112.371
Portugal,01-10-20,825,10196707,112.371
Portugal,02-10-20,854,10196707,112.371
Portugal,03-10-20,888,10196707,112.371
Portugal,04-10-20,963,10196707,112.371
Portugal,05-10-20,0,10196707,112.371
Portugal,06-10-20,1638,10196707,112.371
Portugal,07-10-20,427,10196707,112.371
Portugal,08-10-20,944,10196707,112.371
Portugal,09-10-20,1278,10196707,112.371
Portugal,10-10-20,1394,10196707,112.371
Portugal,11-10-20,1646,10196707,112.371
Portugal,12-10-20,1090,10196707,112.371
Portugal,13-10-20,1249,10196707,112.371
Portugal,14-10-20,1208,10196707,112.371
Portugal,15-10-20,2072,10196707,112.371
Portugal,16-10-20,2101,10196707,112.371
Portugal,17-10-20,2608,10196707,112.371
Portugal,18-10-20,2153,10196707,112.371
Portugal,19-10-20,1856,10196707,112.371
Portugal,20-10-20,1949,10196707,112.371
Portugal,21-10-20,1876,10196707,112.371
Portugal,22-10-20,2535,10196707,112.371
Portugal,23-10-20,3270,10196707,112.371
Portugal,24-10-20,2899,10196707,112.371
Portugal,25-10-20,3669,10196707,112.371
Portugal,26-10-20,2577,10196707,112.371
Portugal,27-10-20,2447,10196707,112.371
Portugal,28-10-20,3299,10196707,112.371
Portugal,29-10-20,3960,10196707,112.371
Portugal,30-10-20,4224,10196707,112.371
Portugal,31-10-20,4656,10196707,112.371
Portugal,01-11-20,4007,10196707,112.371
Portugal,02-11-20,3062,10196707,112.371
Portugal,03-11-20,2506,10196707,112.371
Portugal,04-11-20,2596,10196707,112.371
Portugal,05-11-20,7497,10196707,112.371
Portugal,06-11-20,4410,10196707,112.371
Portugal,07-11-20,5550,10196707,112.371
Portugal,08-11-20,6640,10196707,112.371
Portugal,09-11-20,5784,10196707,112.371
Spain,15-03-20,2144,46754783,93.105
Spain,16-03-20,1706,46754783,93.105
Spain,17-03-20,2503,46754783,93.105
Spain,18-03-20,3694,46754783,93.105
Spain,19-03-20,4047,46754783,93.105
Spain,20-03-20,4569,46754783,93.105
Spain,21-03-20,5446,46754783,93.105
Spain,22-03-20,4866,46754783,93.105
Spain,23-03-20,4646,46754783,93.105
Spain,24-03-20,7691,46754783,93.105
Spain,25-03-20,8553,46754783,93.105
Spain,26-03-20,8954,46754783,93.105
Spain,27-03-20,9181,46754783,93.105
Spain,28-03-20,8244,46754783,93.105
Spain,29-03-20,6424,46754783,93.105
Spain,30-03-20,5813,46754783,93.105
Spain,31-03-20,8145,46754783,93.105
Spain,01-04-20,7413,46754783,93.105
Spain,02-04-20,7583,46754783,93.105
Spain,03-04-20,7272,46754783,93.105
Spain,04-04-20,6663,46754783,93.105
Spain,05-04-20,5533,46754783,93.105
Spain,06-04-20,3667,46754783,93.105
Spain,07-04-20,5209,46754783,93.105
Spain,08-04-20,5583,46754783,93.105
Spain,09-04-20,5745,46754783,93.105
Spain,10-04-20,4537,46754783,93.105
Spain,11-04-20,4550,46754783,93.105
Spain,12-04-20,3899,46754783,93.105
Spain,13-04-20,3030,46754783,93.105
Spain,14-04-20,3116,46754783,93.105
Spain,15-04-20,4424,46754783,93.105
Spain,16-04-20,3820,46754783,93.105
Spain,17-04-20,3818,46754783,93.105
Spain,18-04-20,3836,46754783,93.105
Spain,19-04-20,-713,46754783,93.105
Spain,20-04-20,2218,46754783,93.105
Spain,21-04-20,2951,46754783,93.105
Spain,22-04-20,2312,46754783,93.105
Spain,23-04-20,2916,46754783,93.105
Spain,24-04-20,2114,46754783,93.105
Spain,25-04-20,2506,46754783,93.105
Spain,26-04-20,1641,46754783,93.105
Spain,27-04-20,1660,46754783,93.105
Spain,28-04-20,1525,46754783,93.105
Spain,29-04-20,847,46754783,93.105
Spain,30-04-20,1241,46754783,93.105
Spain,01-05-20,1387,46754783,93.105
Spain,02-05-20,1234,46754783,93.105
Spain,03-05-20,935,46754783,93.105
Spain,04-05-20,466,46754783,93.105
Spain,05-05-20,1039,46754783,93.105
Spain,06-05-20,880,46754783,93.105
Spain,07-05-20,921,46754783,93.105
Spain,08-05-20,1173,46754783,93.105
Spain,09-05-20,743,46754783,93.105
Spain,10-05-20,3416,46754783,93.105
Spain,11-05-20,393,46754783,93.105
Spain,12-05-20,482,46754783,93.105
Spain,13-05-20,439,46754783,93.105
Spain,14-05-20,849,46754783,93.105
Spain,15-05-20,643,46754783,93.105
Spain,16-05-20,515,46754783,93.105
Spain,17-05-20,652,46754783,93.105
Spain,18-05-20,256,46754783,93.105
Spain,19-05-20,431,46754783,93.105
Spain,20-05-20,518,46754783,93.105
Spain,21-05-20,482,46754783,93.105
Spain,22-05-20,1787,46754783,93.105
Spain,23-05-20,466,46754783,93.105
Spain,24-05-20,482,46754783,93.105
Spain,25-05-20,-372,46754783,93.105
Spain,26-05-20,859,46754783,93.105
Spain,27-05-20,510,46754783,93.105
Spain,28-05-20,1137,46754783,93.105
Spain,29-05-20,658,46754783,93.105
Spain,30-05-20,664,46754783,93.105
Spain,31-05-20,201,46754783,93.105
Spain,01-06-20,209,46754783,93.105
Spain,02-06-20,294,46754783,93.105
Spain,03-06-20,394,46754783,93.105
Spain,04-06-20,334,46754783,93.105
Spain,05-06-20,318,46754783,93.105
Spain,06-06-20,332,46754783,93.105
Spain,07-06-20,240,46754783,93.105
Spain,08-06-20,167,46754783,93.105
Spain,09-06-20,249,46754783,93.105
Spain,10-06-20,314,46754783,93.105
Spain,11-06-20,427,46754783,93.105
Spain,12-06-20,502,46754783,93.105
Spain,13-06-20,396,46754783,93.105
Spain,14-06-20,323,46754783,93.105
Spain,15-06-20,181,46754783,93.105
Spain,16-06-20,219,46754783,93.105
Spain,17-06-20,355,46754783,93.105
Spain,18-06-20,585,46754783,93.105
Spain,19-06-20,307,46754783,93.105
Spain,20-06-20,363,46754783,93.105
Spain,21-06-20,334,46754783,93.105
Spain,22-06-20,232,46754783,93.105
Spain,23-06-20,248,46754783,93.105
Spain,24-06-20,334,46754783,93.105
Spain,25-06-20,400,46754783,93.105
Spain,26-06-20,419,46754783,93.105
Spain,27-06-20,564,46754783,93.105
Spain,28-06-20,301,46754783,93.105
Spain,29-06-20,200,46754783,93.105
Spain,30-06-20,301,46754783,93.105
Spain,01-07-20,388,46754783,93.105
Spain,02-07-20,444,46754783,93.105
Spain,03-07-20,442,46754783,93.105
Spain,04-07-20,0,46754783,93.105
Spain,05-07-20,0,46754783,93.105
Spain,06-07-20,1244,46754783,93.105
Spain,07-07-20,341,46754783,93.105
Spain,08-07-20,383,46754783,93.105
Spain,09-07-20,543,46754783,93.105
Spain,10-07-20,852,46754783,93.105
Spain,11-07-20,0,46754783,93.105
Spain,12-07-20,0,46754783,93.105
Spain,13-07-20,2045,46754783,93.105
Spain,14-07-20,666,46754783,93.105
Spain,15-07-20,875,46754783,93.105
Spain,16-07-20,1361,46754783,93.105
Spain,17-07-20,1400,46754783,93.105
Spain,18-07-20,0,46754783,93.105
Spain,19-07-20,0,46754783,93.105
Spain,20-07-20,4581,46754783,93.105
Spain,21-07-20,1358,46754783,93.105
Spain,22-07-20,1357,46754783,93.105
Spain,23-07-20,2615,46754783,93.105
Spain,24-07-20,2255,46754783,93.105
Spain,25-07-20,0,46754783,93.105
Spain,26-07-20,0,46754783,93.105
Spain,27-07-20,6361,46754783,93.105
Spain,28-07-20,1828,46754783,93.105
Spain,29-07-20,2031,46754783,93.105
Spain,30-07-20,2789,46754783,93.105
Spain,31-07-20,3092,46754783,93.105
Spain,01-08-20,0,46754783,93.105
Spain,02-08-20,0,46754783,93.105
Spain,03-08-20,8532,46754783,93.105
Spain,04-08-20,5760,46754783,93.105
Spain,05-08-20,2953,46754783,93.105
Spain,06-08-20,4088,46754783,93.105
Spain,07-08-20,4507,46754783,93.105
Spain,08-08-20,0,46754783,93.105
Spain,09-08-20,0,46754783,93.105
Spain,10-08-20,8618,46754783,93.105
Spain,11-08-20,3632,46754783,93.105
Spain,12-08-20,3172,46754783,93.105
Spain,13-08-20,7550,46754783,93.105
Spain,14-08-20,5479,46754783,93.105
Spain,15-08-20,0,46754783,93.105
Spain,16-08-20,0,46754783,93.105
Spain,17-08-20,16269,46754783,93.105
Spain,18-08-20,5114,46754783,93.105
Spain,19-08-20,6671,46754783,93.105
Spain,20-08-20,7039,46754783,93.105
Spain,21-08-20,8148,46754783,93.105
Spain,22-08-20,0,46754783,93.105
Spain,23-08-20,0,46754783,93.105
Spain,24-08-20,19382,46754783,93.105
Spain,25-08-20,7117,46754783,93.105
Spain,26-08-20,7296,46754783,93.105
Spain,27-08-20,9658,46754783,93.105
Spain,28-08-20,9779,46754783,93.105
Spain,29-08-20,0,46754783,93.105
Spain,30-08-20,0,46754783,93.105
Spain,31-08-20,23572,46754783,93.105
Spain,01-09-20,8115,46754783,93.105
Spain,02-09-20,8581,46754783,93.105
Spain,03-09-20,8959,46754783,93.105
Spain,04-09-20,10476,46754783,93.105
Spain,05-09-20,0,46754783,93.105
Spain,06-09-20,0,46754783,93.105
Spain,07-09-20,26560,46754783,93.105
Spain,08-09-20,8964,46754783,93.105
Spain,09-09-20,8866,46754783,93.105
Spain,10-09-20,10764,46754783,93.105
Spain,11-09-20,12183,46754783,93.105
Spain,12-09-20,0,46754783,93.105
Spain,13-09-20,0,46754783,93.105
Spain,14-09-20,27404,46754783,93.105
Spain,15-09-20,9437,46754783,93.105
Spain,16-09-20,11193,46754783,93.105
Spain,17-09-20,11291,46754783,93.105
Spain,18-09-20,14389,46754783,93.105
Spain,19-09-20,0,46754783,93.105
Spain,20-09-20,0,46754783,93.105
Spain,21-09-20,31428,46754783,93.105
Spain,22-09-20,10799,46754783,93.105
Spain,23-09-20,11289,46754783,93.105
Spain,24-09-20,10653,46754783,93.105
Spain,25-09-20,12272,46754783,93.105
Spain,26-09-20,0,46754783,93.105
Spain,27-09-20,0,46754783,93.105
Spain,28-09-20,31785,46754783,93.105
Spain,29-09-20,9906,46754783,93.105
Spain,30-09-20,11016,46754783,93.105
Spain,01-10-20,9419,46754783,93.105
Spain,02-10-20,11325,46754783,93.105
Spain,03-10-20,0,46754783,93.105
Spain,04-10-20,0,46754783,93.105
Spain,05-10-20,23480,46754783,93.105
Spain,06-10-20,11998,46754783,93.105
Spain,07-10-20,10491,46754783,93.105
Spain,08-10-20,12423,46754783,93.105
Spain,09-10-20,12788,46754783,93.105
Spain,10-10-20,0,46754783,93.105
Spain,11-10-20,0,46754783,93.105
Spain,12-10-20,27856,46754783,93.105
Spain,13-10-20,7118,46754783,93.105
Spain,14-10-20,11970,46754783,93.105
Spain,15-10-20,13318,46754783,93.105
Spain,16-10-20,15186,46754783,93.105
Spain,17-10-20,0,46754783,93.105
Spain,18-10-20,0,46754783,93.105
Spain,19-10-20,37889,46754783,93.105
Spain,20-10-20,13873,46754783,93.105
Spain,21-10-20,16973,46754783,93.105
Spain,22-10-20,20986,46754783,93.105
Spain,23-10-20,19851,46754783,93.105
Spain,24-10-20,0,46754783,93.105
Spain,25-10-20,0,46754783,93.105
Spain,26-10-20,52188,46754783,93.105
Spain,27-10-20,18418,46754783,93.105
Spain,28-10-20,19765,46754783,93.105
Spain,29-10-20,23580,46754783,93.105
Spain,30-10-20,25595,46754783,93.105
Spain,31-10-20,0,46754783,93.105
Spain,01-11-20,0,46754783,93.105
Spain,02-11-20,55019,46754783,93.105
Spain,03-11-20,18669,46754783,93.105
Spain,04-11-20,25042,46754783,93.105
Spain,05-11-20,21908,46754783,93.105
Spain,06-11-20,22516,46754783,93.105
Spain,07-11-20,0,46754783,93.105
Spain,08-11-20,0,46754783,93.105
Switzerland,15-03-20,238,8654618,214.243
Switzerland,16-03-20,841,8654618,214.243
Switzerland,17-03-20,0,8654618,214.243
Switzerland,18-03-20,450,8654618,214.243
Switzerland,19-03-20,353,8654618,214.243
Switzerland,20-03-20,860,8654618,214.243
Switzerland,21-03-20,943,8654618,214.243
Switzerland,22-03-20,1271,8654618,214.243
Switzerland,23-03-20,894,8654618,214.243
Switzerland,24-03-20,1044,8654618,214.243
Switzerland,25-03-20,774,8654618,214.243
Switzerland,26-03-20,925,8654618,214.243
Switzerland,27-03-20,1000,8654618,214.243
Switzerland,28-03-20,1390,8654618,214.243
Switzerland,29-03-20,1048,8654618,214.243
Switzerland,30-03-20,1122,8654618,214.243
Switzerland,31-03-20,1138,8654618,214.243
Switzerland,01-04-20,696,8654618,214.243
Switzerland,02-04-20,962,8654618,214.243
Switzerland,03-04-20,1124,8654618,214.243
Switzerland,04-04-20,1033,8654618,214.243
Switzerland,05-04-20,974,8654618,214.243
Switzerland,06-04-20,821,8654618,214.243
Switzerland,07-04-20,552,8654618,214.243
Switzerland,08-04-20,590,8654618,214.243
Switzerland,09-04-20,546,8654618,214.243
Switzerland,10-04-20,785,8654618,214.243
Switzerland,11-04-20,733,8654618,214.243
Switzerland,12-04-20,592,8654618,214.243
Switzerland,13-04-20,400,8654618,214.243
Switzerland,14-04-20,279,8654618,214.243
Switzerland,15-04-20,254,8654618,214.243
Switzerland,16-04-20,583,8654618,214.243
Switzerland,17-04-20,315,8654618,214.243
Switzerland,18-04-20,346,8654618,214.243
Switzerland,19-04-20,325,8654618,214.243
Switzerland,20-04-20,336,8654618,214.243
Switzerland,21-04-20,168,8654618,214.243
Switzerland,22-04-20,155,8654618,214.243
Switzerland,23-04-20,205,8654618,214.243
Switzerland,24-04-20,228,8654618,214.243
Switzerland,25-04-20,181,8654618,214.243
Switzerland,26-04-20,216,8654618,214.243
Switzerland,27-04-20,167,8654618,214.243
Switzerland,28-04-20,103,8654618,214.243
Switzerland,29-04-20,100,8654618,214.243
Switzerland,30-04-20,143,8654618,214.243
Switzerland,01-05-20,179,8654618,214.243
Switzerland,02-05-20,119,8654618,214.243
Switzerland,03-05-20,112,8654618,214.243
Switzerland,04-05-20,88,8654618,214.243
Switzerland,05-05-20,76,8654618,214.243
Switzerland,06-05-20,28,8654618,214.243
Switzerland,07-05-20,51,8654618,214.243
Switzerland,08-05-20,66,8654618,214.243
Switzerland,09-05-20,81,8654618,214.243
Switzerland,10-05-20,44,8654618,214.243
Switzerland,11-05-20,54,8654618,214.243
Switzerland,12-05-20,39,8654618,214.243
Switzerland,13-05-20,36,8654618,214.243
Switzerland,14-05-20,33,8654618,214.243
Switzerland,15-05-20,50,8654618,214.243
Switzerland,16-05-20,51,8654618,214.243
Switzerland,17-05-20,58,8654618,214.243
Switzerland,18-05-20,15,8654618,214.243
Switzerland,19-05-20,10,8654618,214.243
Switzerland,20-05-20,21,8654618,214.243
Switzerland,21-05-20,40,8654618,214.243
Switzerland,22-05-20,36,8654618,214.243
Switzerland,23-05-20,13,8654618,214.243
Switzerland,24-05-20,18,8654618,214.243
Switzerland,25-05-20,11,8654618,214.243
Switzerland,26-05-20,10,8654618,214.243
Switzerland,27-05-20,15,8654618,214.243
Switzerland,28-05-20,0,8654618,214.243
Switzerland,29-05-20,35,8654618,214.243
Switzerland,30-05-20,32,8654618,214.243
Switzerland,31-05-20,17,8654618,214.243
Switzerland,01-06-20,17,8654618,214.243
Switzerland,02-06-20,9,8654618,214.243
Switzerland,03-06-20,3,8654618,214.243
Switzerland,04-06-20,19,8654618,214.243
Switzerland,05-06-20,20,8654618,214.243
Switzerland,06-06-20,23,8654618,214.243
Switzerland,07-06-20,20,8654618,214.243
Switzerland,08-06-20,9,8654618,214.243
Switzerland,09-06-20,7,8654618,214.243
Switzerland,10-06-20,16,8654618,214.243
Switzerland,11-06-20,23,8654618,214.243
Switzerland,12-06-20,33,8654618,214.243
Switzerland,13-06-20,19,8654618,214.243
Switzerland,14-06-20,31,8654618,214.243
Switzerland,15-06-20,23,8654618,214.243
Switzerland,16-06-20,14,8654618,214.243
Switzerland,17-06-20,15,8654618,214.243
Switzerland,18-06-20,37,8654618,214.243
Switzerland,19-06-20,17,8654618,214.243
Switzerland,20-06-20,92,8654618,214.243
Switzerland,21-06-20,0,8654618,214.243
Switzerland,22-06-20,0,8654618,214.243
Switzerland,23-06-20,18,8654618,214.243
Switzerland,24-06-20,22,8654618,214.243
Switzerland,25-06-20,44,8654618,214.243
Switzerland,26-06-20,52,8654618,214.243
Switzerland,27-06-20,58,8654618,214.243
Switzerland,28-06-20,69,8654618,214.243
Switzerland,29-06-20,62,8654618,214.243
Switzerland,30-06-20,35,8654618,214.243
Switzerland,01-07-20,62,8654618,214.243
Switzerland,02-07-20,220,8654618,214.243
Switzerland,03-07-20,33,8654618,214.243
Switzerland,04-07-20,133,8654618,214.243
Switzerland,05-07-20,97,8654618,214.243
Switzerland,06-07-20,70,8654618,214.243
Switzerland,07-07-20,46,8654618,214.243
Switzerland,08-07-20,54,8654618,214.243
Switzerland,09-07-20,129,8654618,214.243
Switzerland,10-07-20,88,8654618,214.243
Switzerland,11-07-20,104,8654618,214.243
Switzerland,12-07-20,108,8654618,214.243
Switzerland,13-07-20,85,8654618,214.243
Switzerland,14-07-20,63,8654618,214.243
Switzerland,15-07-20,70,8654618,214.243
Switzerland,16-07-20,132,8654618,214.243
Switzerland,17-07-20,142,8654618,214.243
Switzerland,18-07-20,91,8654618,214.243
Switzerland,19-07-20,110,8654618,214.243
Switzerland,20-07-20,98,8654618,214.243
Switzerland,21-07-20,43,8654618,214.243
Switzerland,22-07-20,108,8654618,214.243
Switzerland,23-07-20,141,8654618,214.243
Switzerland,24-07-20,117,8654618,214.243
Switzerland,25-07-20,154,8654618,214.243
Switzerland,26-07-20,148,8654618,214.243
Switzerland,27-07-20,110,8654618,214.243
Switzerland,28-07-20,65,8654618,214.243
Switzerland,29-07-20,132,8654618,214.243
Switzerland,30-07-20,192,8654618,214.243
Switzerland,31-07-20,219,8654618,214.243
Switzerland,01-08-20,137,8654618,214.243
Switzerland,02-08-20,342,8654618,214.243
Switzerland,03-08-20,49,8654618,214.243
Switzerland,04-08-20,66,8654618,214.243
Switzerland,05-08-20,130,8654618,214.243
Switzerland,06-08-20,181,8654618,214.243
Switzerland,07-08-20,181,8654618,214.243
Switzerland,08-08-20,161,8654618,214.243
Switzerland,09-08-20,182,8654618,214.243
Switzerland,10-08-20,152,8654618,214.243
Switzerland,11-08-20,105,8654618,214.243
Switzerland,12-08-20,187,8654618,214.243
Switzerland,13-08-20,273,8654618,214.243
Switzerland,14-08-20,233,8654618,214.243
Switzerland,15-08-20,268,8654618,214.243
Switzerland,16-08-20,251,8654618,214.243
Switzerland,17-08-20,200,8654618,214.243
Switzerland,18-08-20,125,8654618,214.243
Switzerland,19-08-20,196,8654618,214.243
Switzerland,20-08-20,310,8654618,214.243
Switzerland,21-08-20,264,8654618,214.243
Switzerland,22-08-20,306,8654618,214.243
Switzerland,23-08-20,294,8654618,214.243
Switzerland,24-08-20,276,8654618,214.243
Switzerland,25-08-20,157,8654618,214.243
Switzerland,26-08-20,202,8654618,214.243
Switzerland,27-08-20,379,8654618,214.243
Switzerland,28-08-20,360,8654618,214.243
Switzerland,29-08-20,340,8654618,214.243
Switzerland,30-08-20,375,8654618,214.243
Switzerland,31-08-20,291,8654618,214.243
Switzerland,01-09-20,163,8654618,214.243
Switzerland,02-09-20,216,8654618,214.243
Switzerland,03-09-20,370,8654618,214.243
Switzerland,04-09-20,472,8654618,214.243
Switzerland,05-09-20,297,8654618,214.243
Switzerland,06-09-20,425,8654618,214.243
Switzerland,07-09-20,444,8654618,214.243
Switzerland,08-09-20,191,8654618,214.243
Switzerland,09-09-20,245,8654618,214.243
Switzerland,10-09-20,468,8654618,214.243
Switzerland,11-09-20,405,8654618,214.243
Switzerland,12-09-20,528,8654618,214.243
Switzerland,13-09-20,465,8654618,214.243
Switzerland,14-09-20,473,8654618,214.243
Switzerland,15-09-20,257,8654618,214.243
Switzerland,16-09-20,315,8654618,214.243
Switzerland,17-09-20,514,8654618,214.243
Switzerland,18-09-20,530,8654618,214.243
Switzerland,19-09-20,487,8654618,214.243
Switzerland,20-09-20,0,8654618,214.243
Switzerland,21-09-20,0,8654618,214.243
Switzerland,22-09-20,1093,8654618,214.243
Switzerland,23-09-20,284,8654618,214.243
Switzerland,24-09-20,436,8654618,214.243
Switzerland,25-09-20,508,8654618,214.243
Switzerland,26-09-20,255,8654618,214.243
Switzerland,27-09-20,117,8654618,214.243
Switzerland,28-09-20,0,8654618,214.243
Switzerland,29-09-20,664,8654618,214.243
Switzerland,30-09-20,223,8654618,214.243
Switzerland,01-10-20,411,8654618,214.243
Switzerland,02-10-20,550,8654618,214.243
Switzerland,03-10-20,551,8654618,214.243
Switzerland,04-10-20,0,8654618,214.243
Switzerland,05-10-20,0,8654618,214.243
Switzerland,06-10-20,1540,8654618,214.243
Switzerland,07-10-20,699,8654618,214.243
Switzerland,08-10-20,0,8654618,214.243
Switzerland,09-10-20,2243,8654618,214.243
Switzerland,10-10-20,1485,8654618,214.243
Switzerland,11-10-20,0,8654618,214.243
Switzerland,12-10-20,0,8654618,214.243
Switzerland,13-10-20,4057,8654618,214.243
Switzerland,14-10-20,1439,8654618,214.243
Switzerland,15-10-20,2724,8654618,214.243
Switzerland,16-10-20,2690,8654618,214.243
Switzerland,17-10-20,3087,8654618,214.243
Switzerland,18-10-20,0,8654618,214.243
Switzerland,19-10-20,195,8654618,214.243
Switzerland,20-10-20,8737,8654618,214.243
Switzerland,21-10-20,3008,8654618,214.243
Switzerland,22-10-20,5596,8654618,214.243
Switzerland,23-10-20,4968,8654618,214.243
Switzerland,24-10-20,6592,8654618,214.243
Switzerland,25-10-20,0,8654618,214.243
Switzerland,26-10-20,0,8654618,214.243
Switzerland,27-10-20,17357,8654618,214.243
Switzerland,28-10-20,6362,8654618,214.243
Switzerland,29-10-20,8155,8654618,214.243
Switzerland,30-10-20,9361,8654618,214.243
Switzerland,31-10-20,9170,8654618,214.243
Switzerland,01-11-20,0,8654618,214.243
Switzerland,02-11-20,0,8654618,214.243
Switzerland,03-11-20,21842,8654618,214.243
Switzerland,04-11-20,6090,8654618,214.243
Switzerland,05-11-20,10043,8654618,214.243
Switzerland,06-11-20,10098,8654618,214.243
Switzerland,07-11-20,9359,8654618,214.243
Switzerland,08-11-20,0,8654618,214.243
Switzerland,09-11-20,0,8654618,214.243
United Kingdom,15-03-20,478,67886004,272.898
United Kingdom,16-03-20,361,67886004,272.898
United Kingdom,17-03-20,442,67886004,272.898
United Kingdom,18-03-20,611,67886004,272.898
United Kingdom,19-03-20,769,67886004,272.898
United Kingdom,20-03-20,999,67886004,272.898
United Kingdom,21-03-20,1055,67886004,272.898
United Kingdom,22-03-20,1255,67886004,272.898
United Kingdom,23-03-20,1198,67886004,272.898
United Kingdom,24-03-20,1378,67886004,272.898
United Kingdom,25-03-20,2338,67886004,272.898
United Kingdom,26-03-20,2375,67886004,272.898
United Kingdom,27-03-20,2692,67886004,272.898
United Kingdom,28-03-20,3087,67886004,272.898
United Kingdom,29-03-20,3197,67886004,272.898
United Kingdom,30-03-20,2822,67886004,272.898
United Kingdom,31-03-20,2858,67886004,272.898
United Kingdom,01-04-20,4273,67886004,272.898
United Kingdom,02-04-20,4514,67886004,272.898
United Kingdom,03-04-20,4913,67886004,272.898
United Kingdom,04-04-20,4868,67886004,272.898
United Kingdom,05-04-20,4911,67886004,272.898
United Kingdom,06-04-20,4020,67886004,272.898
United Kingdom,07-04-20,3592,67886004,272.898
United Kingdom,08-04-20,5282,67886004,272.898
United Kingdom,09-04-20,5450,67886004,272.898
United Kingdom,10-04-20,5131,67886004,272.898
United Kingdom,11-04-20,4858,67886004,272.898
United Kingdom,12-04-20,4313,67886004,272.898
United Kingdom,13-04-20,3579,67886004,272.898
United Kingdom,14-04-20,3489,67886004,272.898
United Kingdom,15-04-20,4178,67886004,272.898
United Kingdom,16-04-20,4326,67886004,272.898
United Kingdom,17-04-20,5065,67886004,272.898
United Kingdom,18-04-20,5292,67886004,272.898
United Kingdom,19-04-20,4956,67886004,272.898
United Kingdom,20-04-20,4721,67886004,272.898
United Kingdom,21-04-20,3853,67886004,272.898
United Kingdom,22-04-20,4854,67886004,272.898
United Kingdom,23-04-20,4760,67886004,272.898
United Kingdom,24-04-20,5487,67886004,272.898
United Kingdom,25-04-20,5158,67886004,272.898
United Kingdom,26-04-20,4970,67886004,272.898
United Kingdom,27-04-20,3748,67886004,272.898
United Kingdom,28-04-20,3473,67886004,272.898
United Kingdom,29-04-20,4706,67886004,272.898
United Kingdom,30-04-20,4729,67886004,272.898
United Kingdom,01-05-20,5442,67886004,272.898
United Kingdom,02-05-20,4966,67886004,272.898
United Kingdom,03-05-20,4737,67886004,272.898
United Kingdom,04-05-20,3229,67886004,272.898
United Kingdom,05-05-20,2982,67886004,272.898
United Kingdom,06-05-20,3389,67886004,272.898
United Kingdom,07-05-20,3682,67886004,272.898
United Kingdom,08-05-20,3827,67886004,272.898
United Kingdom,09-05-20,3767,67886004,272.898
United Kingdom,10-05-20,3063,67886004,272.898
United Kingdom,11-05-20,2157,67886004,272.898
United Kingdom,12-05-20,2329,67886004,272.898
United Kingdom,13-05-20,3586,67886004,272.898
United Kingdom,14-05-20,3402,67886004,272.898
United Kingdom,15-05-20,3307,67886004,272.898
United Kingdom,16-05-20,2628,67886004,272.898
United Kingdom,17-05-20,2526,67886004,272.898
United Kingdom,18-05-20,2079,67886004,272.898
United Kingdom,19-05-20,1838,67886004,272.898
United Kingdom,20-05-20,2589,67886004,272.898
United Kingdom,21-05-20,3052,67886004,272.898
United Kingdom,22-05-20,2718,67886004,272.898
United Kingdom,23-05-20,2574,67886004,272.898
United Kingdom,24-05-20,2062,67886004,272.898
United Kingdom,25-05-20,1527,67886004,272.898
United Kingdom,26-05-20,1364,67886004,272.898
United Kingdom,27-05-20,1624,67886004,272.898
United Kingdom,28-05-20,1672,67886004,272.898
United Kingdom,29-05-20,1835,67886004,272.898
United Kingdom,30-05-20,1760,67886004,272.898
United Kingdom,31-05-20,1527,67886004,272.898
United Kingdom,01-06-20,1125,67886004,272.898
United Kingdom,02-06-20,1079,67886004,272.898
United Kingdom,03-06-20,1441,67886004,272.898
United Kingdom,04-06-20,1484,67886004,272.898
United Kingdom,05-06-20,1356,67886004,272.898
United Kingdom,06-06-20,1243,67886004,272.898
United Kingdom,07-06-20,1120,67886004,272.898
United Kingdom,08-06-20,801,67886004,272.898
United Kingdom,09-06-20,721,67886004,272.898
United Kingdom,10-06-20,1099,67886004,272.898
United Kingdom,11-06-20,1158,67886004,272.898
United Kingdom,12-06-20,1199,67886004,272.898
United Kingdom,13-06-20,1017,67886004,272.898
United Kingdom,14-06-20,1052,67886004,272.898
United Kingdom,15-06-20,890,67886004,272.898
United Kingdom,16-06-20,822,67886004,272.898
United Kingdom,17-06-20,1043,67886004,272.898
United Kingdom,18-06-20,1102,67886004,272.898
United Kingdom,19-06-20,1013,67886004,272.898
United Kingdom,20-06-20,1027,67886004,272.898
United Kingdom,21-06-20,986,67886004,272.898
United Kingdom,22-06-20,687,67886004,272.898
United Kingdom,23-06-20,639,67886004,272.898
United Kingdom,24-06-20,896,67886004,272.898
United Kingdom,25-06-20,886,67886004,272.898
United Kingdom,26-06-20,778,67886004,272.898
United Kingdom,27-06-20,721,67886004,272.898
United Kingdom,28-06-20,671,67886004,272.898
United Kingdom,29-06-20,649,67886004,272.898
United Kingdom,30-06-20,446,67886004,272.898
United Kingdom,01-07-20,730,67886004,272.898
United Kingdom,02-07-20,617,67886004,272.898
United Kingdom,03-07-20,651,67886004,272.898
United Kingdom,04-07-20,602,67886004,272.898
United Kingdom,05-07-20,579,67886004,272.898
United Kingdom,06-07-20,401,67886004,272.898
United Kingdom,07-07-20,555,67886004,272.898
United Kingdom,08-07-20,704,67886004,272.898
United Kingdom,09-07-20,597,67886004,272.898
United Kingdom,10-07-20,693,67886004,272.898
United Kingdom,11-07-20,715,67886004,272.898
United Kingdom,12-07-20,565,67886004,272.898
United Kingdom,13-07-20,442,67886004,272.898
United Kingdom,14-07-20,361,67886004,272.898
United Kingdom,15-07-20,726,67886004,272.898
United Kingdom,16-07-20,685,67886004,272.898
United Kingdom,17-07-20,772,67886004,272.898
United Kingdom,18-07-20,704,67886004,272.898
United Kingdom,19-07-20,569,67886004,272.898
United Kingdom,20-07-20,493,67886004,272.898
United Kingdom,21-07-20,413,67886004,272.898
United Kingdom,22-07-20,793,67886004,272.898
United Kingdom,23-07-20,751,67886004,272.898
United Kingdom,24-07-20,773,67886004,272.898
United Kingdom,25-07-20,731,67886004,272.898
United Kingdom,26-07-20,667,67886004,272.898
United Kingdom,27-07-20,421,67886004,272.898
United Kingdom,28-07-20,371,67886004,272.898
United Kingdom,29-07-20,70,67886004,272.898
United Kingdom,30-07-20,763,67886004,272.898
United Kingdom,31-07-20,846,67886004,272.898
United Kingdom,01-08-20,880,67886004,272.898
United Kingdom,02-08-20,771,67886004,272.898
United Kingdom,03-08-20,743,67886004,272.898
United Kingdom,04-08-20,928,67886004,272.898
United Kingdom,05-08-20,670,67886004,272.898
United Kingdom,06-08-20,891,67886004,272.898
United Kingdom,07-08-20,950,67886004,272.898
United Kingdom,08-08-20,871,67886004,272.898
United Kingdom,09-08-20,758,67886004,272.898
United Kingdom,10-08-20,1062,67886004,272.898
United Kingdom,11-08-20,816,67886004,272.898
United Kingdom,12-08-20,1148,67886004,272.898
United Kingdom,13-08-20,1009,67886004,272.898
United Kingdom,14-08-20,1129,67886004,272.898
United Kingdom,15-08-20,1440,67886004,272.898
United Kingdom,16-08-20,1077,67886004,272.898
United Kingdom,17-08-20,1040,67886004,272.898
United Kingdom,18-08-20,713,67886004,272.898
United Kingdom,19-08-20,1089,67886004,272.898
United Kingdom,20-08-20,812,67886004,272.898
United Kingdom,21-08-20,1182,67886004,272.898
United Kingdom,22-08-20,1033,67886004,272.898
United Kingdom,23-08-20,1288,67886004,272.898
United Kingdom,24-08-20,1041,67886004,272.898
United Kingdom,25-08-20,972,67886004,272.898
United Kingdom,26-08-20,1184,67886004,272.898
United Kingdom,27-08-20,1048,67886004,272.898
United Kingdom,28-08-20,1522,67886004,272.898
United Kingdom,29-08-20,1276,67886004,272.898
United Kingdom,30-08-20,1108,67886004,272.898
United Kingdom,31-08-20,1715,67886004,272.898
United Kingdom,01-09-20,1406,67886004,272.898
United Kingdom,02-09-20,1295,67886004,272.898
United Kingdom,03-09-20,1508,67886004,272.898
United Kingdom,04-09-20,1735,67886004,272.898
United Kingdom,05-09-20,1940,67886004,272.898
United Kingdom,06-09-20,1813,67886004,272.898
United Kingdom,07-09-20,2988,67886004,272.898
United Kingdom,08-09-20,2948,67886004,272.898
United Kingdom,09-09-20,2460,67886004,272.898
United Kingdom,10-09-20,2659,67886004,272.898
United Kingdom,11-09-20,2919,67886004,272.898
United Kingdom,12-09-20,3539,67886004,272.898
United Kingdom,13-09-20,3497,67886004,272.898
United Kingdom,14-09-20,3330,67886004,272.898
United Kingdom,15-09-20,2621,67886004,272.898
United Kingdom,16-09-20,3103,67886004,272.898
United Kingdom,17-09-20,3991,67886004,272.898
United Kingdom,18-09-20,3395,67886004,272.898
United Kingdom,19-09-20,4322,67886004,272.898
United Kingdom,20-09-20,4422,67886004,272.898
United Kingdom,21-09-20,3899,67886004,272.898
United Kingdom,22-09-20,4368,67886004,272.898
United Kingdom,23-09-20,4926,67886004,272.898
United Kingdom,24-09-20,6178,67886004,272.898
United Kingdom,25-09-20,6634,67886004,272.898
United Kingdom,26-09-20,6873,67886004,272.898
United Kingdom,27-09-20,6041,67886004,272.898
United Kingdom,28-09-20,5692,67886004,272.898
United Kingdom,29-09-20,4044,67886004,272.898
United Kingdom,30-09-20,7143,67886004,272.898
United Kingdom,01-10-20,7108,67886004,272.898
United Kingdom,02-10-20,6914,67886004,272.898
United Kingdom,03-10-20,6968,67886004,272.898
United Kingdom,04-10-20,12871,67886004,272.898
United Kingdom,05-10-20,22961,67886004,272.898
United Kingdom,06-10-20,12593,67886004,272.898
United Kingdom,07-10-20,14542,67886004,272.898
United Kingdom,08-10-20,14162,67886004,272.898
United Kingdom,09-10-20,17540,67886004,272.898
United Kingdom,10-10-20,13864,67886004,272.898
United Kingdom,11-10-20,15165,67886004,272.898
United Kingdom,12-10-20,12872,67886004,272.898
United Kingdom,13-10-20,13972,67886004,272.898
United Kingdom,14-10-20,17232,67886004,272.898
United Kingdom,15-10-20,19724,67886004,272.898
United Kingdom,16-10-20,18978,67886004,272.898
United Kingdom,17-10-20,15635,67886004,272.898
United Kingdom,18-10-20,16171,67886004,272.898
United Kingdom,19-10-20,16981,67886004,272.898
United Kingdom,20-10-20,18803,67886004,272.898
United Kingdom,21-10-20,21330,67886004,272.898
United Kingdom,22-10-20,26687,67886004,272.898
United Kingdom,23-10-20,21238,67886004,272.898
United Kingdom,24-10-20,20531,67886004,272.898
United Kingdom,25-10-20,23012,67886004,272.898
United Kingdom,26-10-20,19790,67886004,272.898
United Kingdom,27-10-20,20890,67886004,272.898
United Kingdom,28-10-20,22885,67886004,272.898
United Kingdom,29-10-20,24700,67886004,272.898
United Kingdom,30-10-20,23065,67886004,272.898
United Kingdom,31-10-20,24405,67886004,272.898
United Kingdom,01-11-20,21915,67886004,272.898
United Kingdom,02-11-20,23254,67886004,272.898
United Kingdom,03-11-20,18950,67886004,272.898
United Kingdom,04-11-20,20018,67886004,272.898
United Kingdom,05-11-20,25177,67886004,272.898
United Kingdom,06-11-20,24138,67886004,272.898
United Kingdom,07-11-20,23287,67886004,272.898
United Kingdom,08-11-20,24957,67886004,272.898
United Kingdom,09-11-20,20572,67886004,272.898
